日期,代码,股票名,开盘,收盘,最高,最低,成交量
2026-06-10,000001,平安银行,12.50,13.75,13.80,12.48,1500000
2026-06-11,000001,平安银行,13.00,12.80,13.20,12.60,800000
2026-06-12,000001,平安银行,13.50,14.50,14.55,13.40,2000000
2026-06-10,600666,*ST耀华,3.50,3.33,3.55,3.30,200000
2026-06-11,600666,*ST耀华,3.16,3.16,3.20,3.15,150000
2026-06-12,600666,*ST耀华,3.16,3.30,3.32,3.10,300000
2026-06-10,688111,金山办公,28.00,30.50,31.00,27.80,500000
2026-06-11,688111,金山办公,32.00,31.20,33.50,30.80,600000
2026-06-12,688111,金山办公,30.50,29.80,31.00,29.50,400000
