time,code,涨停日日期,开板次数,首次封板时间,收盘回封,实体涨幅,成交额_亿,买入日期,卖出日期,净收益率
2026-02-26,000581.XSHE,2026-02-25,2,20260225094500000,True,4.643013578624622,22.3823056899,2026-02-27,2026-03-02,2.070769806220134
2026-07-21,000596.XSHE,2026-07-20,2,20260720103000000,True,2.5860226544133447,17.6006851094,2026-07-22,2026-07-23,-1.8036368439223165
2026-06-12,000688.XSHE,2026-06-11,2,20260611132000000,True,1.978260869565207,23.5663465019,2026-06-15,2026-06-16,-9.823489606920749
2026-04-08,000830.XSHE,2026-04-07,2,20260407105000000,True,2.753441802252832,9.8368253804,2026-04-09,2026-04-10,0.6387423080586292
2026-02-24,000859.XSHE,2026-02-13,2,20260213100500000,True,5.354058721934374,22.1630084004,2026-02-25,2026-02-26,-0.9335552275282964
2026-03-06,001267.XSHE,2026-03-05,2,20260305131500000,True,7.9150579150579325,32.2497205135,2026-03-09,2026-03-10,18.953954858285357
2026-03-11,001267.XSHE,2026-03-10,2,20260310101000000,True,2.2950135614437706,42.4179181626,2026-03-12,2026-03-13,-8.24615189376073
2026-08-20,001301.XSHE,2026-08-19,2,20260819094000000,True,3.5161290322580863,13.4036865691,2026-08-21,2026-08-24,-0.969425904767463
2026-03-13,002015.XSHE,2026-03-12,2,20260312101000000,True,4.282352941176471,80.0658992169,2026-03-16,2026-03-17,-6.324263184422911
2026-05-14,002034.XSHE,2026-05-13,2,20260513132000000,True,2.324500232450033,10.997872509,2026-05-15,2026-05-18,1.5830642699064603
2026-09-10,002077.XSHE,2026-09-09,2,20260909094000000,True,2.0334059549745875,15.3346739647,2026-09-11,2026-09-14,-0.1020637547479357
2026-06-29,002129.XSHE,2026-06-26,2,20260626095500000,True,2.1777003484320545,65.7120086712,2026-06-30,2026-07-01,2.434729213411889
2026-06-24,002141.XSHE,2026-06-23,2,20260623101500000,True,1.0615711252653923,10.2068377756,2026-06-25,2026-06-26,25.08001761389562
2026-09-10,002162.XSHE,2026-09-09,2,20260909094000000,True,6.004618937644346,6.4242155562,2026-09-11,2026-09-14,-9.54897941080331
2026-09-11,002174.XSHE,2026-09-10,2,20260910131000000,True,2.175543885971476,12.6467604607,2026-09-14,2026-09-15,0.0982598810570819
2026-04-07,002222.XSHE,2026-04-03,2,20260403103500000,True,5.360222900358225,45.8791941636,2026-04-08,2026-04-09,-0.3342855237551687
2026-05-27,002245.XSHE,2026-05-26,2,20260526102500000,True,3.5454545454545405,50.19098558979999,2026-05-28,2026-05-29,-7.526723681294752
2026-04-27,002290.XSHE,2026-04-24,2,20260424095000000,True,2.1868093520995613,29.5769046909,2026-04-28,2026-04-29,-8.612756352405952
2026-03-31,002309.XSHE,2026-03-30,2,20260330130500000,True,2.9166666666666785,49.0261680185,2026-04-01,2026-04-02,3.8309260300901946
2026-06-16,002426.XSHE,2026-06-15,2,20260615104500000,True,4.060913705583746,19.6765920873,2026-06-17,2026-06-18,-0.1678951888633718
2026-06-25,002428.XSHE,2026-06-24,2,20260624134500000,True,4.456399550345269,123.0426454282,2026-06-26,2026-06-29,-7.267281460482794
2026-07-21,002440.XSHE,2026-07-20,2,20260720112500000,True,2.3313905079100694,16.302358658499998,2026-07-22,2026-07-23,3.460218813558268
2026-04-09,002484.XSHE,2026-04-08,2,20260408134000000,True,1.6182298546895568,9.437832885,2026-04-10,2026-04-13,-1.572085683384493
2026-07-30,002580.XSHE,2026-07-29,2,20260729113000000,True,4.422869471413171,26.1418458914,2026-07-31,2026-08-03,6.138693236128487
2026-09-21,002631.XSHE,2026-09-18,2,20260918131000000,True,6.395786305492868,11.089366921300002,2026-09-22,2026-09-23,-4.091076415864733
2026-09-11,002636.XSHE,2026-09-10,2,20260910102000000,True,8.499999999999996,87.19150111430001,2026-09-14,2026-09-15,6.561611959599878
2026-02-04,002785.XSHE,2026-02-03,2,20260203133500000,True,1.9756838905774956,8.5719619485,2026-02-05,2026-02-06,0.5874465685447766
2026-06-16,002859.XSHE,2026-06-15,2,20260615102000000,True,2.8948587308939238,31.1637058588,2026-06-17,2026-06-18,6.693763635019123
2026-04-30,300209.XSHE,2026-04-29,2,20260429104000000,True,5.051112447384254,24.140520371,2026-05-06,2026-05-07,25.78027561625049
2026-07-02,300345.XSHE,2026-07-01,2,20260701132500000,True,4.929577464788748,8.9895705142,2026-07-03,2026-07-06,8.44970968624284
2026-05-07,300368.XSHE,2026-05-06,2,20260506103000000,True,2.037489812550941,11.5524489575,2026-05-08,2026-05-11,2.2628405575555486
2026-07-14,300534.XSHE,2026-07-13,2,20260713101000000,True,18.438914027149323,8.8894946338,2026-07-15,2026-07-16,5.936650561117094
2026-05-26,300975.XSHE,2026-05-25,2,20260525103500000,True,4.354084202950714,38.0150688918,2026-05-27,2026-05-28,22.21351213280207
2026-08-18,301127.XSHE,2026-08-17,2,20260817094500000,True,2.916224814422064,13.9710537453,2026-08-19,2026-08-20,-2.5924386610532126
2026-05-19,600032.XSHG,2026-05-18,2,20260518131000000,True,3.4671532846715314,13.3651601354,2026-05-20,2026-05-21,-2.858629817842031
2026-07-20,600095.XSHG,2026-07-17,2,20260717104500000,True,2.5871766029246235,14.2956147743,2026-07-21,2026-07-22,0.930599458584144
2026-06-25,600105.XSHG,2026-06-24,2,20260624100500000,True,3.489361702127658,94.5529377321,2026-06-26,2026-06-29,-13.4169539120048
2026-07-21,600126.XSHG,2026-07-20,2,20260720094500000,True,6.9841269841269815,15.3435832505,2026-07-22,2026-07-23,0.9969068682057052
2026-06-15,600162.XSHG,2026-06-12,2,20260612135000000,True,10.334346504559267,13.646702048699998,2026-06-16,2026-06-17,-9.275110170423632
2026-05-19,600183.XSHG,2026-05-18,2,20260518131500000,True,2.9904429143972733,79.8298560305,2026-05-20,2026-05-21,2.6379824378775028
2026-09-14,600184.XSHG,2026-09-11,2,20260911094500000,True,1.931649331352148,15.0578734164,2026-09-15,2026-09-16,3.8313416907235207
2026-08-17,600186.XSHG,2026-08-14,2,20260814101000000,True,4.041204437400969,64.8296613644,2026-08-18,2026-08-19,-8.211618743215034
2026-08-27,600227.XSHG,2026-08-26,2,20260826095000000,True,1.4634146341463428,12.4026632485,2026-08-28,2026-08-31,19.66360350074825
2026-06-05,600237.XSHG,2026-06-04,2,20260604111500000,True,1.8565400843881807,15.2253728744,2026-06-08,2026-06-09,0.3428027850322748
2026-06-22,600362.XSHG,2026-06-18,2,20260618094500000,True,3.7605525709900167,84.6305706027,2026-06-23,2026-06-24,-13.405364458268988
2026-06-22,600392.XSHG,2026-06-18,2,20260618100000000,True,5.19319938176197,99.0051084575,2026-06-23,2026-06-24,-10.435581251346004
2026-07-09,600488.XSHG,2026-07-08,2,20260708100500000,True,3.5502958579881616,7.9897434705,2026-07-10,2026-07-13,12.173913676049702
2026-06-25,600497.XSHG,2026-06-24,2,20260624131500000,True,1.819685690653428,62.09436273439999,2026-06-26,2026-06-29,4.565786853101719
2026-06-25,600563.XSHG,2026-06-24,2,20260624103500000,True,3.8469945355191104,39.0276061651,2026-06-26,2026-06-29,1.4025959419096925
2026-05-22,600578.XSHG,2026-05-21,2,20260521131000000,True,3.776041666666674,44.0878628047,2026-05-25,2026-05-26,13.154386162083831
2026-09-09,600596.XSHG,2026-09-08,2,20260908111500000,True,2.9363784665578985,22.6580553134,2026-09-10,2026-09-11,-0.9382562658866386
2026-08-12,600611.XSHG,2026-08-11,2,20260811095000000,True,2.5390625,14.4368647014,2026-08-13,2026-08-14,-2.6063122874216105
2026-09-23,600641.XSHG,2026-09-22,2,20260922094000000,True,7.415730337078652,79.5582671271,2026-09-24,2026-09-28,2.9885985339348142
2026-03-30,600666.XSHG,2026-03-27,2,20260327100000000,True,7.586206896551739,54.5669621404,2026-03-31,2026-04-01,1.8657710592349903
2026-07-02,600673.XSHG,2026-07-01,2,20260701132500000,True,1.2777777777777777,47.2956234285,2026-07-03,2026-07-06,-0.1077888675919381
2026-04-20,600703.XSHG,2026-04-17,2,20260417132500000,True,1.1111111111111072,59.5897155329,2026-04-21,2026-04-22,6.63550035043226
2026-06-23,600703.XSHG,2026-06-22,2,20260622094500000,True,1.692307692307682,110.0597658675,2026-06-24,2026-06-25,13.196241223901843
2026-03-13,600844.XSHG,2026-03-12,2,20260312101500000,True,6.649616368286448,10.4583701101,2026-03-16,2026-03-17,-3.2471632983753524
2026-03-13,600956.XSHG,2026-03-12,2,20260312102500000,True,1.414581066376508,9.9487842652,2026-03-16,2026-03-17,7.819526610320093
2026-09-07,600975.XSHG,2026-09-04,2,20260904131500000,True,3.5087719298245723,7.105898863099999,2026-09-08,2026-09-09,-0.9564307480083012
2026-08-06,601138.XSHG,2026-08-05,2,20260805131000000,True,4.149504195270781,167.1842111565,2026-08-07,2026-08-10,1.1784066400232345
2026-01-27,601168.XSHG,2026-01-26,2,20260126131000000,True,3.473653223432449,39.8977254116,2026-01-28,2026-01-29,8.623732111994354
2026-01-27,601226.XSHG,2026-01-26,2,20260126102000000,True,9.689922480620153,15.4799558197,2026-01-28,2026-01-29,-6.378865970133998
2026-02-04,601799.XSHG,2026-02-03,2,20260203102500000,True,4.232692443129782,17.7125285182,2026-02-05,2026-02-06,-0.5222234185021359
2026-06-05,603005.XSHG,2026-06-04,2,20260604132500000,True,2.736653207716455,62.1341433319,2026-06-08,2026-06-09,5.010785073419053
2026-05-07,603063.XSHG,2026-05-06,2,20260506132000000,True,2.3650697392359143,22.2732465557,2026-05-08,2026-05-11,8.820334951729407
2026-05-18,603078.XSHG,2026-05-15,2,20260515094500000,True,7.684597393919135,20.7601824819,2026-05-19,2026-05-20,10.328211779287148
2026-04-28,603110.XSHG,2026-04-27,2,20260427112500000,True,1.149976042165779,12.057615355,2026-04-29,2026-04-30,10.439121412748676
2026-03-12,603158.XSHG,2026-03-11,2,20260311095500000,True,5.956375838926187,11.9381034659,2026-03-13,2026-03-16,-1.7135128923507084
2026-06-30,603318.XSHG,2026-06-29,2,20260629094000000,True,2.2508038585209,7.139825635,2026-07-01,2026-07-02,3.1763137766896974
2026-06-01,603439.XSHG,2026-05-29,2,20260529132000000,True,3.138731952291285,6.0610612,2026-06-02,2026-06-03,-1.471549985176591
2026-06-29,603687.XSHG,2026-06-26,2,20260626094500000,True,10.838779956427036,22.5207464115,2026-06-30,2026-07-01,4.290635865260113
2026-03-12,603778.XSHG,2026-03-11,2,20260311111000000,True,5.66762728146013,31.9941696268,2026-03-13,2026-03-16,0.5404992879898612
2026-03-23,603778.XSHG,2026-03-20,2,20260320130500000,True,2.028145695364225,35.691624258000004,2026-03-24,2026-03-25,-0.6871229708925359
2026-07-07,603800.XSHG,2026-07-06,2,20260706101500000,True,2.069781194559428,13.6412135164,2026-07-08,2026-07-09,-8.179519003779534
2026-03-24,603803.XSHG,2026-03-23,2,20260323105500000,True,7.87836903939183,21.4688596599,2026-03-25,2026-03-26,-6.969265356178603
2026-02-04,603806.XSHG,2026-02-03,2,20260203101000000,True,3.5490605427974886,29.1849740275,2026-02-05,2026-02-06,-3.8320726915960384
2026-03-12,603936.XSHG,2026-03-11,2,20260311094000000,True,1.696020874103055,22.5457996882,2026-03-13,2026-03-16,0.3981301676381789
2026-06-30,605060.XSHG,2026-06-29,2,20260629094500000,True,3.9852398523985135,8.255305327,2026-07-01,2026-07-02,-6.353271699316824
2026-09-22,688137.XSHG,2026-09-21,2,20260921110000000,True,5.232017580931458,14.8419628385,2026-09-23,2026-09-24,5.602826820023767
2026-04-07,688146.XSHG,2026-04-03,2,20260403134000000,True,2.4831568816169325,16.177680344200002,2026-04-08,2026-04-09,9.295527760735547
2026-01-27,688158.XSHG,2026-01-26,2,20260126094000000,True,6.1891891891891815,38.4226514098,2026-01-28,2026-01-29,-4.467436873703499
2026-08-17,688485.XSHG,2026-08-14,2,20260814105500000,True,12.528089887640448,11.3263985283,2026-08-18,2026-08-19,5.712473104216772
2026-05-12,688545.XSHG,2026-05-11,2,20260511094000000,True,3.89424329252408,27.7674813798,2026-05-13,2026-05-14,19.308249844661383
2026-05-07,688584.XSHG,2026-05-06,2,20260506131000000,True,3.678929765886285,7.364397103099999,2026-05-08,2026-05-11,10.023338371925997
2026-06-25,688593.XSHG,2026-06-24,2,20260624132500000,True,2.322977889728528,13.342292991,2026-06-26,2026-06-29,-8.596613010898256
2026-05-15,688596.XSHG,2026-05-14,2,20260514132500000,True,4.358247984310304,23.1146084246,2026-05-18,2026-05-19,-1.7572122313341605
