方案,排名方式,信号数,信号净胜率,信号平均净收益率,组合笔数,组合净胜率,组合平均净收益率,累计净盈亏,最终收益,最大回撤,夏普
涨停后第二日炸板,全部信号,732,47.5206611570248,0.04146223004743348,726,47.5206611570248,0.04146223004743348,435.7299022510524,-10.57814838175143,-43.275665164096125,0.14668176005940955
涨停后第二日炸板,按M7/M14前5,732,47.5206611570248,0.04146223004743348,574,47.386759581881535,0.02771812893780503,-2042.7321111133297,-5.41412677619183,-35.48730143735125,0.257830682121995
涨停后第二日炸板,按成交额前5,732,47.5206611570248,0.04146223004743348,574,46.864111498257834,-0.07399752954561427,-13995.665451460776,-24.75182113817931,-41.41233014576615,-0.1916110675076704
涨停后第二日普通断板,全部信号,11213,44.19070148303157,-0.256083719517119,10991,44.19070148303157,-0.256083719517119,-544917.0568651191,-30.708270347213706,-38.53037253534498,-1.5173994821424854
涨停后第二日普通断板,按M7/M14前5,11213,44.19070148303157,-0.256083719517119,820,47.19512195121951,-0.12247952381649015,-22304.307502908716,-28.18022353704317,-39.58826665670196,-0.4041756727004816
涨停后第二日普通断板,按成交额前5,11213,44.19070148303157,-0.256083719517119,820,44.87804878048781,-0.25555385487627846,-38079.03688695187,-40.523732438727265,-54.789053338419066,-0.8681242418783237
炸板+M7/M14大于1.03,全部信号,488,49.06832298136646,0.2881700604046062,483,49.06832298136646,0.2881700604046062,21785.376756792983,17.71659893605724,-41.3888606888948,0.7223535818959284
炸板+M7/M14大于1.03,按M7/M14前5,488,49.06832298136646,0.2881700604046062,440,48.63636363636364,0.15151417028676123,8141.7220492330325,3.163417168304017,-42.05019421442522,0.4949337200368828
炸板+M7/M14大于1.03,按成交额前5,488,49.06832298136646,0.2881700604046062,440,48.63636363636364,0.17232330821325184,9309.684686560526,4.561484351806877,-40.41677171526283,0.5248644186970758
炸板+成交额大于8亿,全部信号,442,49.54128440366973,0.08929519064559448,436,49.54128440366973,0.08929519064559448,1314.273128855435,-20.097063981295516,-47.40539942646258,-0.01638608896617273
炸板+成交额大于8亿,按M7/M14前5,442,49.54128440366973,0.08929519064559448,414,49.275362318840585,0.030489543474419536,-3887.4573078816793,-4.452072503918048,-42.07419137701104,0.2843842003847287
炸板+成交额大于8亿,按成交额前5,442,49.54128440366973,0.08929519064559448,414,49.033816425120776,-0.005001661341152292,-6308.229212729668,-7.379811263446356,-43.14027076820496,0.21091193318030632
炸板+M7/M14大于1.03+成交额大于8亿,全部信号,347,51.461988304093566,0.4402124838838236,342,51.461988304093566,0.4402124838838236,23359.037293937705,23.837773129221397,-47.72527074395663,0.8110498964508468
炸板+M7/M14大于1.03+成交额大于8亿,按M7/M14前5,347,51.461988304093566,0.4402124838838236,335,51.04477611940299,0.3576739272840619,17667.184850748486,84.59959660460392,-43.493294487244036,1.7797555872660071
炸板+M7/M14大于1.03+成交额大于8亿,按成交额前5,347,51.461988304093566,0.4402124838838236,335,51.34328358208955,0.36456384335867337,18129.42680031917,85.42510149929595,-43.493294487244036,1.7893640824334178
