方案,样本区间,方式,原始信号数,信号净胜率,信号平均净收益率,组合交易笔数,净胜率,平均净收益率,累计净盈亏,最终收益,最大回撤,夏普
全区间反包基础-按M7/M14排名,2026-01-22 至 2026-09-30,按M7/M14排名,3436,47.18458295694068,-0.009804334350269997,815,48.22085889570552,0.010224813377154335,224.69037079041664,-14.189405683678814,-40.312055312826224,0.03196133625483226
全区间反包-按涨停日成交额排名,2026-01-22 至 2026-09-30,按涨停日成交额排名,5946,46.163131574409384,-0.027063537931090287,820,44.26829268292683,-0.46303802906543173,-72061.69687857723,-58.916793999038795,-65.00332028555933,-1.8590161653153072
全区间反包基础-按涨停日成交额排名,2026-01-22 至 2026-09-30,按涨停日成交额排名,3436,47.18458295694068,-0.009804334350269997,815,44.9079754601227,-0.4041775507577973,-61881.60324155149,-53.889356073131324,-65.5005285812726,-1.5364972818068996
全区间反包基础-按成交额排名,2026-01-22 至 2026-09-30,按成交额排名,3436,47.18458295694068,-0.009804334350269997,815,46.012269938650306,-0.25126576992563904,-38972.8513777744,-42.14238596201484,-56.1423103922921,-0.8897354685681179
全区间反包基础-按MACD价格比排名,2026-01-22 至 2026-09-30,按MACD/收盘价排名,3436,47.18458295694068,-0.009804334350269997,699,46.924177396280406,-0.22626960898208598,-31217.107128052423,-37.73616148872199,-48.871118578961315,-0.7817140915467528
全区间反包基础-按MACD柱价格比排名,2026-01-22 至 2026-09-30,按MACD柱/收盘价排名,3436,47.18458295694068,-0.009804334350269997,659,48.406676783004556,-0.18943618713210256,-25669.899218470513,-32.77893188658476,-47.690510930198016,-0.6840258504601532
全区间反包基础-按MACD线信号比排名,2026-01-22 至 2026-09-30,按DIF/DEA排名,3436,47.18458295694068,-0.009804334350269997,659,47.64795144157815,-0.1107033280901289,-17455.606187635844,-18.893797947245773,-30.867054732421472,-0.4090060258838069
4至7月反包基础-按M7/M14排名,2026-04-01 至 2026-07-31,按M7/M14排名,1853,48.548662492885605,0.15230416968059504,403,48.883374689826304,-0.058500081984871125,-4798.669173439648,-10.78547146403488,-33.85814094268643,-0.16997122952435367
4至7月反包基础-按成交额排名,2026-04-01 至 2026-07-31,按成交额排名,1853,48.548662492885605,0.15230416968059504,403,49.87593052109181,0.03940109740219255,2133.2527979896404,-3.617991047896285,-32.91297902420985,0.182367795042992
4至7月加换手-按M7/M14排名,2026-04-01 至 2026-07-31,按M7/M14排名,1191,47.49134948096886,-0.0028858255415797505,389,45.24421593830334,-0.49982560254992137,-37448.062070386935,-28.880605015256254,-43.231416255851606,-1.010754809495592
4至7月加换手-按成交额排名,2026-04-01 至 2026-07-31,按成交额排名,1191,47.49134948096886,-0.0028858255415797505,389,46.27249357326478,-0.2824602573751791,-22684.527864368974,-15.821169342576392,-36.54553003792464,-0.3190433627993064
