版本,交易数,净胜率,平均净收益率,总盈利_2万每笔,最高并发持仓,所需周转资金,资金回报率,区间交易日数,简单年化收益率,复利年化收益率
191版：全市场+指数上涨+实体>3+20到40亿,191,57.59162303664922,2.016292606518118,77022.37756899209,19,380000,20.269046728682127,163,31.33619494250243,33.020588381547356
142版：191版+断板日指数-1%到2%,142,60.56338028169014,2.2312210843193094,63366.67879466839,19,380000,16.67544178807063,163,25.780437611004896,26.926135607039758
67版：2连板以上+实体>3+20到40亿,67,61.19402985074627,2.807208942389025,37616.599828012935,6,120000,31.34716652334411,165,47.8756725083801,51.6563915479971
实体>2版：2连板以上+实体>2+20到40亿,85,57.647058823529406,2.1247446310292424,36120.658727497124,6,120000,30.100548939580936,165,45.971747471359976,49.463585719708234
67版+深证成指上涨：2连板以上+实体>3+20到40亿,45,66.66666666666666,3.5338862927376473,31804.97663463883,6,120000,26.504147195532358,162,41.22867341527255,44.15497387399363
67版+深证成指阳线：2连板以上+实体>3+20到40亿,42,64.28571428571429,3.1374214057109384,26354.33980797188,6,120000,21.961949839976565,162,34.16303308440799,36.18421775618934
67版+指数上涨+指数阳线,40,65.0,3.2518432756641467,26014.746205313175,6,120000,21.678955171094312,162,33.7228191550356,35.6929863846746
45版：2连板以上+指数环境+阳线+20到40亿,45,66.66666666666666,2.3990104528507783,21591.094075657005,10,200000,10.795547037828502,162,16.79307316995545,17.28890198421018
29版：2连板以上+指数环境+实体>3+20到40亿,29,72.41379310344827,3.8339737687603126,22237.04785880982,6,120000,18.530873215674852,162,28.82580277993866,30.271368336982853
