time,code,断板前连板数,实体涨幅,成交额_亿,买入日期,买入参考价,买入成交价,卖出日期,卖出参考价,卖出成交价,净收益率,净盈亏金额
2026-01-26,002636.XSHE,2.0,3.3398821218074692,21.6382686988,2026-01-27,25.43,25.455429999999996,2026-01-28,26.08663013649478,26.060543506358286,2.267816181397574,404.0976524090327
2026-01-27,000751.XSHE,2.0,3.5313001605136396,23.9646749394,2026-01-28,6.31,6.316309999999999,2026-01-29,7.489386608803245,7.4818972221944415,18.341127732164985,3591.2957036844814
2026-01-30,002440.XSHE,2.0,9.29203539823007,26.3151391333,2026-02-02,12.35,12.362349999999998,2026-02-03,12.076144556054103,12.064068411498049,-2.514148902852708,-497.2926190268987
2026-01-30,601388.XSHG,2.0,6.264501160092828,20.9461531588,2026-02-02,4.13,4.13413,2026-02-03,4.00668633580137,4.002679649465569,-3.2804094643611124,-650.9586805871619
2026-02-02,002931.XSHE,2.0,6.903485254691688,31.053979075700003,2026-02-03,99.43,99.52942999999999,2026-02-04,105.12031640883299,105.01519609242416,5.406655145233956,1076.2426096234058
2026-02-03,002491.XSHE,2.0,7.558139534883734,31.9001439189,2026-02-04,9.38,9.38938,2026-02-05,9.010802130096522,9.001791327966425,-4.228558053596103,-833.7743067627578
2026-02-03,603629.XSHG,2.0,10.262697022767075,27.1395738484,2026-02-04,30.06,30.090059999999994,2026-02-05,29.48642301997957,29.45693659695959,-2.2104110392984215,-399.0684047829111
2026-02-05,603618.XSHG,4.0,5.772495755517837,25.6648810047,2026-02-06,12.46,12.47246,2026-02-09,14.887591056650535,14.872703465593885,19.132421849630543,3818.053859562288
2026-02-10,603618.XSHG,2.0,7.885040530582166,27.3408203493,2026-02-11,14.28,14.294279999999997,2026-02-12,15.207789056124257,15.192581267068133,6.17532187790939,1147.533140168514
2026-02-13,600397.XSHG,2.0,6.095890410958904,27.1732662724,2026-02-24,16.18,16.19618,2026-02-25,17.64206417069894,17.624422106528243,8.71043885731439,1692.910027344698
2026-02-25,603466.XSHG,2.0,4.351329572925056,24.8361708601,2026-02-26,12.95,12.962949999999998,2026-02-27,11.988601064197931,11.976612463133733,-7.708445264304248,-1498.862858083691
2026-03-02,001896.XSHE,7.0,5.917602996254678,33.6046925366,2026-03-03,13.89,13.903889999999999,2026-03-04,14.21587374533395,14.201657871588615,2.037150250981911,396.54038204374837
2026-03-04,600722.XSHG,2.0,4.173913043478272,23.6346071972,2026-03-05,11.1,11.111099999999999,2026-03-06,12.5945471483905,12.58195260124211,13.128935378674683,2625.78444994786
2026-03-09,600590.XSHG,2.0,7.545973367152836,25.6963512427,2026-03-10,16.85,16.86685,2026-03-11,16.311743461115636,16.29543171765452,-3.491988901972757,-647.8873831236311
2026-03-12,600108.XSHG,2.0,3.8863976083707064,30.819813911,2026-03-13,6.81,6.8168099999999985,2026-03-16,6.391338412023859,6.384947073611835,-6.434618147752012,-1272.0435107375442
2026-03-16,600722.XSHG,3.0,8.618654073199504,36.4759317887,2026-03-17,17.35,17.36735,2026-03-18,17.872548025102745,17.85467547707764,2.700210509913269,515.8505109927644
2026-03-20,000539.XSHE,2.0,9.93377483443707,22.0139510097,2026-03-23,6.1,6.106099999999999,2026-03-24,6.440128317699097,6.433688189381398,5.259018807500921,1027.587031695404
2026-03-26,600758.XSHG,3.0,7.342657342657333,25.4277611636,2026-03-27,5.53,5.53553,2026-03-30,5.048267656814221,5.043219389157406,-8.9912941635009,-1791.776828911829
2026-04-10,603306.XSHG,2.0,3.8701113039926405,28.2943334222,2026-04-13,100.9,101.0009,2026-04-14,100.91165803498184,100.81074637694685,-0.3391822376883764,-34.257711270539936
2026-04-16,603698.XSHG,2.0,11.441346659652796,29.0423295158,2026-04-17,42.79,42.832789999999996,2026-04-20,46.009982313100046,45.963972330786945,7.196151306039719,1232.9249507993
2026-04-21,603268.XSHG,3.0,3.2846715328467058,31.0469427202,2026-04-22,140.97,141.11096999999998,2026-04-23,141.76376433341215,141.62200056907875,0.23909710144331464,33.73922390885453
2026-04-29,603318.XSHG,5.0,6.671554252199408,21.2132077482,2026-04-30,14.68,14.694679999999998,2026-05-06,14.257758006974555,14.24350024896758,-3.1731428697440127,-606.1681478472093
2026-05-08,002081.XSHE,5.0,5.882352941176472,39.1054003081,2026-05-11,6.82,6.82682,2026-05-12,7.472120177614388,7.464648057436774,9.235698947173248,1828.4631743096966
2026-05-15,002208.XSHE,3.0,5.864354920958714,32.4447354796,2026-05-18,22.84,22.86284,2026-05-19,24.547889133686397,24.52334124455271,7.152504728712591,1308.212569694395
2026-05-15,002940.XSHE,2.0,5.859182668636143,22.4149443372,2026-05-18,41.69,41.73168999999999,2026-05-19,41.4564433398465,41.414986896506655,-0.870422606202997,-145.29682548422215
2026-05-26,603663.XSHG,2.0,4.973491542539765,20.8712477701,2026-05-27,41.94,41.981939999999994,2026-05-28,44.44530970163027,44.40086439192864,5.647333428823837,948.3440526755062
2026-05-26,603936.XSHG,2.0,4.087301587301595,29.5335896772,2026-05-27,25.91,25.935909999999996,2026-05-28,24.47105497377985,24.44658391880607,-5.846484323774392,-1061.4372386647644
2026-05-27,002552.XSHE,3.0,5.270833333333336,24.6061476439,2026-05-28,48.79,48.838789999999996,2026-05-29,57.87348137698584,57.815607895608856,18.26794551560777,3568.7374190728383
2026-05-27,002585.XSHE,3.0,3.073967339097017,26.9355350216,2026-05-28,10.42,10.430419999999998,2026-05-29,10.770159922720419,10.759389762797698,3.049877300472425,604.4185226554781
2026-05-27,002957.XSHE,2.0,7.125119388729706,33.4341134133,2026-05-28,55.81,55.865809999999996,2026-05-29,62.66084540610081,62.59818456069471,11.93316179454918,1999.9672485406304
2026-06-02,002608.XSHE,2.0,3.336703741152669,22.5880329016,2026-06-03,9.81,9.819809999999999,2026-06-04,10.365640335889749,10.35527469555386,5.34720434875142,1050.1706147182535
2026-06-04,000700.XSHE,2.0,3.780271707028948,33.3245773228,2026-06-05,18.03,18.04803,2026-06-08,16.378690802091675,16.362312111289583,-9.437783831687376,-1873.667463005896
2026-06-09,603859.XSHG,2.0,3.8235294117647145,27.2080429108,2026-06-10,52.31,52.362309999999994,2026-06-11,52.52666953119281,52.47414286166162,0.09780716772970657,15.364227710654674
2026-06-10,001696.XSHE,2.0,5.773542600896864,34.5655707609,2026-06-11,18.82,18.83882,2026-06-12,22.4817118844007,22.4592301725163,19.10293519938252,3598.7675769283146
2026-06-10,603186.XSHG,2.0,7.095081967213113,35.7005893276,2026-06-11,166.01,166.17600999999996,2026-06-12,178.6810995003835,178.50241840088313,7.301722076128043,1213.3710407398742
2026-06-11,605006.XSHG,2.0,3.583061889250838,23.7673204873,2026-06-12,21.6,21.6216,2026-06-15,21.380211287860863,21.358831076573,-1.3180766196172542,-256.4903289484478
2026-06-15,001696.XSHE,2.0,3.628117913832196,38.2909510586,2026-06-16,22.6,22.6226,2026-06-17,23.688004126154244,23.66431612202809,4.495155706266556,813.5368758446863
2026-06-16,000510.XSHE,3.0,4.318181818181821,27.8261108838,2026-06-17,22.71,22.732709999999997,2026-06-18,21.894275546699056,21.872381271152356,-3.889597722382977,-707.3687763167418
2026-06-16,601696.XSHG,2.0,5.73248407643312,33.026067826100004,2026-06-17,13.33,13.343329999999998,2026-06-18,12.815354392352033,12.802539037959681,-4.156357876126371,-776.435166349546
2026-06-17,002515.XSHE,2.0,5.339265850945507,23.5774347687,2026-06-18,9.01,9.019009999999998,2026-06-22,9.880748006244884,9.87086725823864,9.337914818716083,1852.8124368412675
2026-06-24,603757.XSHG,2.0,6.3439306358381575,23.1612696427,2026-06-25,72.62,72.69261999999999,2026-06-26,73.69439141304221,73.62069702162917,1.1552803296237606,167.96070798962953
2026-06-26,002990.XSHE,2.0,4.054241040542417,20.7219503254,2026-06-29,75.13,75.20512999999998,2026-06-30,78.35710126444096,78.27874416317651,3.9664048880087246,596.587990470663
2026-06-26,603989.XSHG,2.0,4.008950214432216,21.1673174753,2026-06-29,55.78,55.83577999999999,2026-06-30,51.3406870399919,51.28934635295191,-8.250055618138443,-1381.9448714464263
2026-06-30,688432.XSHG,2.0,3.8181818181818095,37.1118850131,2026-07-01,39.0,39.038999999999994,2026-07-02,45.15461284335606,45.10945823051271,15.438566604716186,3013.5310084075754
2026-07-15,002379.XSHE,2.0,3.0939226519336893,23.0576776002,2026-07-16,18.19,18.20819,2026-07-17,18.26671494400071,18.24844822905671,0.11406646437615518,20.76943855989265
2026-07-24,000603.XSHE,3.0,3.3764068361817445,24.3432941792,2026-07-27,25.14,25.165139999999997,2026-07-28,24.089751495575868,24.06566174408029,-4.475592462807288,-788.4023763664313
2026-07-27,002498.XSHE,2.0,10.248447204968937,22.3285596498,2026-07-28,6.76,6.766759999999999,2026-07-29,6.756772898964427,6.7500161260654625,-0.35027584280952534,-68.7367443006037
2026-07-29,000533.XSHE,4.0,12.52319109461968,26.1263092641,2026-07-30,11.52,11.531519999999999,2026-07-31,10.453707539241925,10.443253831702684,-9.53551566395983,-1869.3028230175225
2026-08-05,002827.XSHE,5.0,3.947979563399895,20.1417334184,2026-08-06,48.87,48.91886999999999,2026-08-07,52.980136214988065,52.92715607877307,8.08645833493888,1582.321616189166
2026-08-06,000811.XSHE,2.0,4.052658750645333,21.513704740900003,2026-08-07,40.48,40.52047999999999,2026-08-10,42.09860729712987,42.05650868983274,3.675116053908857,595.669866240371
2026-08-06,002080.XSHE,2.0,5.660377358490587,39.0507429576,2026-08-07,52.1,52.1521,2026-08-10,56.677528706598075,56.620851177891474,8.44840320803462,1321.805906837227
2026-08-06,002579.XSHE,2.0,3.2616753150481737,22.9404759679,2026-08-07,13.7,13.713699999999998,2026-08-10,14.757004610955981,14.742247606345025,7.3922359824331405,1419.2486922921066
2026-08-06,601208.XSHG,2.0,6.191082802547765,39.8034236096,2026-08-07,42.31,42.352309999999996,2026-08-10,44.832158330982,44.787326172651014,5.635468556975901,954.7004452811841
2026-08-06,603186.XSHG,2.0,6.557377049180335,30.474480102,2026-08-07,132.3,132.4323,2026-08-10,147.2591596080249,147.1119004484169,10.951443912239087,1450.3249056188204
2026-08-11,002437.XSHE,2.0,4.464285714285721,21.2296541115,2026-08-12,3.55,3.5535499999999995,2026-08-13,4.063562679909719,4.059499117229809,14.128337096545929,2811.522128208124
2026-08-11,002552.XSHE,5.0,3.0182984342576935,30.5069441979,2026-08-12,54.63,54.68463,2026-08-13,59.16668786021071,59.107521172350495,7.970916429203726,1307.6598470757806
2026-08-11,301080.XSHE,2.0,4.058667341003908,28.3599365064,2026-08-12,79.9,79.9799,2026-08-13,88.21398536808236,88.12577138271428,10.06518817891633,1610.0254880618202
2026-08-13,600721.XSHG,7.0,6.617647058823528,25.7170939485,2026-08-14,13.61,13.623609999999998,2026-08-17,13.83991481656496,13.826074901748395,1.380944627052953,263.3883144279083
2026-08-17,300404.XSHE,2.0,4.699583581201683,20.6240743922,2026-08-18,16.81,16.82681,2026-08-19,15.717146566189566,15.701429419623377,-6.7906364104161145,-1256.9122352286938
2026-08-17,300862.XSHE,5.0,11.32113821138212,22.5300721485,2026-08-18,55.81,55.865809999999996,2026-08-24,54.51120394181844,54.456692737876615,-2.6327053467103267,-441.23465005590964
2026-08-24,603626.XSHG,2.0,5.869565217391304,20.8595009631,2026-08-25,19.3,19.3193,2026-08-26,19.53901656293928,19.519477546376343,0.9318630583286781,180.02941982769232
2026-09-01,000712.XSHE,4.0,11.754966887417218,28.528616336,2026-09-02,13.31,13.32331,2026-09-03,13.11087843692223,13.097767558485307,-1.7940151714265322,-358.5333041042825
2026-09-01,600722.XSHG,2.0,6.23529411764705,31.1514587965,2026-09-02,18.57,18.588569999999997,2026-09-03,17.935781092772903,17.91784531168013,-3.712220332864899,-690.0486751288246
2026-09-09,600354.XSHG,3.0,4.770992366412208,26.3424922616,2026-09-10,10.81,10.82081,2026-09-11,11.274394939144505,11.26312054420536,3.9821657442673923,775.6246603300687
2026-09-17,000993.XSHE,6.0,7.992788461538458,20.341213035,2026-09-18,18.3,18.318299999999997,2026-09-21,20.11833905402259,20.09822071496857,9.605080380842884,1759.4874394039414
2026-09-22,000002.XSHE,2.0,6.72268907563025,30.3786358215,2026-09-23,3.81,3.8138099999999997,2026-09-24,3.7658767020991135,3.7621108253970146,-1.4573108295120774,-289.0111439644757
2026-09-28,002119.XSHE,2.0,8.549506759225434,36.469593469,2026-09-29,29.07,29.099069999999998,2026-09-30,26.38582989532619,26.359444065430864,-9.519297037359511,-1662.0161450455018
