实验,基准方案,只改因子,因子取值,方向评级,保持不变,样本说明,区间,交易数,净胜率,平均净收益率,平均盈利,平均亏损,盈亏比,净利润因子,累计收益金额,周转资金,复利年化,相对基准净胜率变化,相对基准平均收益变化,结论,数据限制,复现代码,是否样本外验证
第三日竞价区间,二连板及以上，前两个涨停日是否开板不限，第三日竞价低于+2%时买入,无，基准,全部样本,基准,样本区间、连板层级、买卖时点、交易成本和两万元固定仓位保持不变,全市场二连板及以上样本，按第三日竞价区间分组；开板状态不参与本组筛选,2026-01-01 至 2026-09-30,1348,47.774480712166174,0.04797663571079169,6.370701636811284,-5.735879757341364,1.110675590550414,1.016015739083049,12934.500987629457,,,0.0,0.0,本行作为该实验的基准，后续分组都只改变一个因子。,日线数据计算连板、竞价和收益；开板次数来自5分钟线近似，不是Tick/L1/L2精确值,脚本/compare_two_board_open_flags.py；脚本/summarize_two_board_third_day_auction.py,否，当前为同一区间研究
第三日竞价区间,二连板及以上，前两个涨停日是否开板不限，第三日竞价低于+2%时买入,第三日竞价涨幅,低于-2%,正向，但资金占用较高,样本区间、连板层级、买卖时点、交易成本和两万元固定仓位保持不变,全市场二连板及以上样本，按第三日竞价区间分组；开板状态不参与本组筛选,2026-01-01 至 2026-09-30,405,48.641975308641975,0.1881857326811142,7.015658102874981,-6.2782183871659605,1.117460029300113,1.0583635854428952,15243.044347170253,360000,6.01201063546144,0.867494596475801,0.1402090969703225,胜率略高于全样本，平均收益为正，但样本和资金占用都较大,日线数据计算连板、竞价和收益；开板次数来自5分钟线近似，不是Tick/L1/L2精确值,脚本/compare_two_board_open_flags.py；脚本/summarize_two_board_third_day_auction.py,否，当前为同一区间研究
第三日竞价区间,二连板及以上，前两个涨停日是否开板不限，第三日竞价低于+2%时买入,第三日竞价涨幅,-2%到0%,负向,样本区间、连板层级、买卖时点、交易成本和两万元固定仓位保持不变,全市场二连板及以上样本，按第三日竞价区间分组；开板状态不参与本组筛选,2026-01-01 至 2026-09-30,360,40.55555555555556,-0.7883140798084672,6.011402273130104,-5.427372900037587,1.107608116090286,0.7556578735943074,-56758.61374620965,280000,-27.306785707414893,-7.2189251566106165,-0.8362907155192589,本组表现最弱，胜率、平均收益和资金收益均为负,日线数据计算连板、竞价和收益；开板次数来自5分钟线近似，不是Tick/L1/L2精确值,脚本/compare_two_board_open_flags.py；脚本/summarize_two_board_third_day_auction.py,否，当前为同一区间研究
第三日竞价区间,二连板及以上，前两个涨停日是否开板不限，第三日竞价低于+2%时买入,第三日竞价涨幅,0%到2%,正向,样本区间、连板层级、买卖时点、交易成本和两万元固定仓位保持不变,全市场二连板及以上样本，按第三日竞价区间分组；开板状态不参与本组筛选,2026-01-01 至 2026-09-30,583,51.6295025728988,0.4669817357347242,6.122865368648176,-5.569972071027506,1.099263208247771,1.1733270414275851,54450.07038666886,560000,14.038608639443371,3.855021860732627,0.4190051000239325,胜率最高，平均收益为正，资金周转效率优于低于-2%组,日线数据计算连板、竞价和收益；开板次数来自5分钟线近似，不是Tick/L1/L2精确值,脚本/compare_two_board_open_flags.py；脚本/summarize_two_board_third_day_auction.py,否，当前为同一区间研究
第二天成交额区间,二连板及以上，第三日竞价低于+2%时买入,无，基准,全部样本,基准,连板层级、第三日竞价买入条件、买卖时点、交易成本和两万元固定仓位保持不变,同一批二连板及以上低竞价样本，只把第二天成交额拆成不同区间,2026-01-01 至 2026-09-30,1348,47.774480712166174,0.04797663571079182,6.370701636811286,-5.7358797573413645,1.1106755905504142,1.0160157390830493,12934.500987629468,,,0.0,0.0,本行作为该实验的基准，后续分组都只改变一个因子。,成交额来自日线，单位为亿元；不同区间的样本数差异较大,脚本/compare_two_board_open_flags.py；脚本/summarize_all_two_board_second_day.py,否，当前为同一区间研究
第二天成交额区间,二连板及以上，第三日竞价低于+2%时买入,第二天成交额,小于5亿,负向,连板层级、第三日竞价买入条件、买卖时点、交易成本和两万元固定仓位保持不变,同一批二连板及以上低竞价样本，只把第二天成交额拆成不同区间,2026-01-01 至 2026-09-30,521,47.60076775431862,-0.1400882628882847,5.674479822646249,-5.422186743520389,1.046529765767908,0.9506937066316526,-14597.196992959272,800000,-2.5733791219965,-0.17371295784755603,-0.1880648985990765,样本最多，但平均收益为负，流动性偏弱的样本没有优势,成交额来自日线，单位为亿元；不同区间的样本数差异较大,脚本/compare_two_board_open_flags.py；脚本/summarize_all_two_board_second_day.py,否，当前为同一区间研究
第二天成交额区间,二连板及以上，第三日竞价低于+2%时买入,第二天成交额,5到10亿,正向,连板层级、第三日竞价买入条件、买卖时点、交易成本和两万元固定仓位保持不变,同一批二连板及以上低竞价样本，只把第二天成交额拆成不同区间,2026-01-01 至 2026-09-30,305,53.44262295081968,0.6931630797304678,6.214336635028734,-5.644522057689373,1.1009500133962835,1.2637665646731995,42282.94786355853,220000,28.08063019975682,5.668142238653509,0.645186444019676,胜率、平均收益和资金收益均较好，是本组相对最均衡的区间,成交额来自日线，单位为亿元；不同区间的样本数差异较大,脚本/compare_two_board_open_flags.py；脚本/summarize_all_two_board_second_day.py,否，当前为同一区间研究
第二天成交额区间,二连板及以上，第三日竞价低于+2%时买入,第二天成交额,10到20亿,中性,连板层级、第三日竞价买入条件、买卖时点、交易成本和两万元固定仓位保持不变,同一批二连板及以上低竞价样本，只把第二天成交额拆成不同区间,2026-01-01 至 2026-09-30,248,46.37096774193548,0.0189933052732176,7.113712461286514,-6.115538295790913,1.1632193467225291,1.0057911644593298,942.0679415515916,180000,0.7459638930430224,-1.4035129702306932,-0.028983330437574218,接近打平，收益提升不明显,成交额来自日线，单位为亿元；不同区间的样本数差异较大,脚本/compare_two_board_open_flags.py；脚本/summarize_all_two_board_second_day.py,否，当前为同一区间研究
第二天成交额区间,二连板及以上，第三日竞价低于+2%时买入,第二天成交额,20到40亿,负向,连板层级、第三日竞价买入条件、买卖时点、交易成本和两万元固定仓位保持不变,同一批二连板及以上低竞价样本，只把第二天成交额拆成不同区间,2026-01-01 至 2026-09-30,184,40.21739130434783,-0.7550352645167068,7.104947437284912,-6.04265999118325,1.1757979842737518,0.7909913712387059,-27785.297734214808,220000,-17.398653643749682,-7.557089407818346,-0.8030119002274986,胜率最低，平均收益为负，不能只看成交额更大,成交额来自日线，单位为亿元；不同区间的样本数差异较大,脚本/compare_two_board_open_flags.py；脚本/summarize_all_two_board_second_day.py,否，当前为同一区间研究
第二天成交额区间,二连板及以上，第三日竞价低于+2%时买入,第二天成交额,大于40亿,正向，但样本较少,连板层级、第三日竞价买入条件、买卖时点、交易成本和两万元固定仓位保持不变,同一批二连板及以上低竞价样本，只把第二天成交额拆成不同区间,2026-01-01 至 2026-09-30,90,48.888888888888886,0.6717766616496346,7.697294163033666,-6.048283557065528,1.272641087410954,1.2173088662191733,12091.979909693426,140000,12.593767770856834,1.114408176722712,0.6238000259388428,样本较少，平均收益为正，但资金占用和稳定性仍需样本外验证,成交额来自日线，单位为亿元；不同区间的样本数差异较大,脚本/compare_two_board_open_flags.py；脚本/summarize_all_two_board_second_day.py,否，当前为同一区间研究
涨停日开板次数,首板后第二日断板，成交额大于6亿元、M7/M14大于1、实体涨幅大于1%,无，基准,全部样本,基准,首板断板条件、成交额、均线比值、实体涨幅、买卖时点和交易成本保持不变,单板反包样本，按涨停日检测到的开板次数分组,2026-01-01 至 2026-09-30,1360,46.544117647058826,-0.02043677565354438,5.400364292787124,-4.740336467982215,1.1392364928656338,0.991934938079706,-5558.802977764072,,,0.0,0.0,本行作为该实验的基准，后续分组都只改变一个因子。,开板次数来自5分钟线近似统计，无法识别同一分钟内反复打开；2次和3次以上组样本较少,脚本/fetch_limit_open_counts.py；脚本/compare_single_board_open_counts.py,否，当前为同一区间研究
涨停日开板次数,首板后第二日断板，成交额大于6亿元、M7/M14大于1、实体涨幅大于1%,涨停日开板次数,开板0次,负向,首板断板条件、成交额、均线比值、实体涨幅、买卖时点和交易成本保持不变,单板反包样本，按涨停日检测到的开板次数分组,2026-01-01 至 2026-09-30,957,45.14106583072101,-0.2258611793803343,5.160814934019845,-4.658326095549625,1.1078689701329147,0.9116178954236556,-43229.829733395985,,,-1.4030518163378147,-0.2054244037267899,整体偏弱，平均净收益率为负,开板次数来自5分钟线近似统计，无法识别同一分钟内反复打开；2次和3次以上组样本较少,脚本/fetch_limit_open_counts.py；脚本/compare_single_board_open_counts.py,否，当前为同一区间研究
涨停日开板次数,首板后第二日断板，成交额大于6亿元、M7/M14大于1、实体涨幅大于1%,涨停日开板次数,开板1次,中性偏弱,首板断板条件、成交额、均线比值、实体涨幅、买卖时点和交易成本保持不变,单板反包样本，按涨停日检测到的开板次数分组,2026-01-01 至 2026-09-30,279,47.31182795698925,-0.0059699774737333,5.3306794411642455,-4.798063332985388,1.1110064772420294,0.9976384693601896,-333.12474303431816,,,0.7677103099304219,0.014466798179811079,接近打平，说明仅出现一次开板并不构成稳定优势,开板次数来自5分钟线近似统计，无法识别同一分钟内反复打开；2次和3次以上组样本较少,脚本/fetch_limit_open_counts.py；脚本/compare_single_board_open_counts.py,否，当前为同一区间研究
涨停日开板次数,首板后第二日断板，成交额大于6亿元、M7/M14大于1、实体涨幅大于1%,涨停日开板次数,开板2次,正向，但样本较少,首板断板条件、成交额、均线比值、实体涨幅、买卖时点和交易成本保持不变,单板反包样本，按涨停日检测到的开板次数分组,2026-01-01 至 2026-09-30,87,55.172413793103445,1.7405212201149662,7.0360277264214055,-4.777025249185267,1.472888954820035,1.8127864059323509,30285.069230000416,,,8.628296146044619,1.7609579957685106,平均收益和盈亏比最好，但87笔样本仍需谨慎解释,开板次数来自5分钟线近似统计，无法识别同一分钟内反复打开；2次和3次以上组样本较少,脚本/fetch_limit_open_counts.py；脚本/compare_single_board_open_counts.py,否，当前为同一区间研究
涨停日开板次数,首板后第二日断板，成交额大于6亿元、M7/M14大于1、实体涨幅大于1%,涨停日开板次数,开板3次及以上,正向，但样本很少,首板断板条件、成交额、均线比值、实体涨幅、买卖时点和交易成本保持不变,单板反包样本，按涨停日检测到的开板次数分组,2026-01-01 至 2026-09-30,37,56.75675675675676,1.0431192254953807,7.0275966064651785,-6.81150733702748,1.0317241483780004,1.3541379447461257,7719.082268665818,,,10.212639109697932,1.0635560011489251,平均收益为正，但样本只有37笔，盈亏比也没有继续改善,开板次数来自5分钟线近似统计，无法识别同一分钟内反复打开；2次和3次以上组样本较少,脚本/fetch_limit_open_counts.py；脚本/compare_single_board_open_counts.py,否，当前为同一区间研究
