代码,买入/卖出日期,模拟买入价,模拟卖出价,净收益率,净盈亏金额
002636.XSHE,01-27/01-28,25.43,26.08663013649478,2.267816181397574,404.0976524090327
000751.XSHE,01-28/01-29,6.31,7.489386608803245,18.341127732164985,3591.2957036844814
002440.XSHE,02-02/02-03,12.35,12.076144556054103,-2.514148902852708,-497.2926190268987
601388.XSHG,02-02/02-03,4.13,4.00668633580137,-3.2804094643611124,-650.9586805871619
002931.XSHE,02-03/02-04,99.43,105.120316408833,5.406655145233956,1076.2426096234058
002491.XSHE,02-04/02-05,9.38,9.010802130096522,-4.228558053596103,-833.7743067627578
603629.XSHG,02-04/02-05,30.06,29.48642301997957,-2.210411039298421,-399.0684047829111
603618.XSHG,02-06/02-09,12.46,14.887591056650535,19.132421849630543,3818.053859562288
603618.XSHG,02-11/02-12,14.28,15.207789056124255,6.17532187790939,1147.533140168514
600397.XSHG,02-24/02-25,16.18,17.64206417069894,8.71043885731439,1692.910027344698
603466.XSHG,02-26/02-27,12.95,11.988601064197931,-7.708445264304248,-1498.862858083691
001896.XSHE,03-03/03-04,13.89,14.21587374533395,2.037150250981911,396.5403820437484
600722.XSHG,03-05/03-06,11.1,12.5945471483905,13.128935378674685,2625.78444994786
600590.XSHG,03-10/03-11,16.85,16.311743461115636,-3.491988901972757,-647.8873831236311
600108.XSHG,03-13/03-16,6.81,6.391338412023859,-6.434618147752012,-1272.0435107375442
600722.XSHG,03-17/03-18,17.35,17.872548025102745,2.700210509913269,515.8505109927644
000539.XSHE,03-23/03-24,6.1,6.440128317699097,5.259018807500921,1027.587031695404
600758.XSHG,03-27/03-30,5.53,5.048267656814221,-8.9912941635009,-1791.776828911829
603306.XSHG,04-13/04-14,100.9,100.91165803498184,-0.3391822376883764,-34.257711270539936
603698.XSHG,04-17/04-20,42.79,46.009982313100046,7.196151306039719,1232.9249507993
603268.XSHG,04-22/04-23,140.97,141.76376433341215,0.2390971014433146,33.73922390885453
603318.XSHG,04-30/05-06,14.68,14.257758006974557,-3.1731428697440127,-606.1681478472093
002081.XSHE,05-11/05-12,6.82,7.472120177614388,9.235698947173248,1828.4631743096968
002208.XSHE,05-18/05-19,22.84,24.5478891336864,7.152504728712591,1308.212569694395
002940.XSHE,05-18/05-19,41.69,41.4564433398465,-0.870422606202997,-145.29682548422215
603663.XSHG,05-27/05-28,41.94,44.44530970163027,5.647333428823837,948.3440526755062
603936.XSHG,05-27/05-28,25.91,24.47105497377985,-5.846484323774392,-1061.4372386647644
002552.XSHE,05-28/05-29,48.79,57.87348137698584,18.26794551560777,3568.7374190728383
002585.XSHE,05-28/05-29,10.42,10.77015992272042,3.049877300472425,604.4185226554781
002957.XSHE,05-28/05-29,55.81,62.66084540610081,11.93316179454918,1999.9672485406304
002608.XSHE,06-03/06-04,9.81,10.365640335889749,5.34720434875142,1050.1706147182535
000700.XSHE,06-05/06-08,18.03,16.378690802091675,-9.437783831687376,-1873.667463005896
603859.XSHG,06-10/06-11,52.31,52.52666953119281,0.0978071677297065,15.364227710654674
001696.XSHE,06-11/06-12,18.82,22.4817118844007,19.10293519938252,3598.7675769283146
603186.XSHG,06-11/06-12,166.01,178.6810995003835,7.301722076128043,1213.3710407398742
605006.XSHG,06-12/06-15,21.6,21.380211287860863,-1.3180766196172542,-256.4903289484478
001696.XSHE,06-16/06-17,22.6,23.688004126154244,4.495155706266556,813.5368758446863
000510.XSHE,06-17/06-18,22.71,21.894275546699056,-3.889597722382977,-707.3687763167418
601696.XSHG,06-17/06-18,13.33,12.815354392352033,-4.156357876126371,-776.435166349546
002515.XSHE,06-18/06-22,9.01,9.880748006244884,9.337914818716085,1852.8124368412675
603757.XSHG,06-25/06-26,72.62,73.69439141304221,1.1552803296237606,167.96070798962953
002990.XSHE,06-29/06-30,75.13,78.35710126444096,3.9664048880087246,596.587990470663
603989.XSHG,06-29/06-30,55.78,51.3406870399919,-8.250055618138443,-1381.9448714464263
688432.XSHG,07-01/07-02,39.0,45.15461284335606,15.438566604716186,3013.5310084075754
002379.XSHE,07-16/07-17,18.19,18.26671494400071,0.1140664643761551,20.76943855989265
000603.XSHE,07-27/07-28,25.14,24.089751495575868,-4.475592462807288,-788.4023763664313
002498.XSHE,07-28/07-29,6.76,6.756772898964427,-0.3502758428095253,-68.7367443006037
000533.XSHE,07-30/07-31,11.52,10.453707539241924,-9.53551566395983,-1869.3028230175223
002827.XSHE,08-06/08-07,48.87,52.98013621498807,8.08645833493888,1582.321616189166
000811.XSHE,08-07/08-10,40.48,42.09860729712987,3.675116053908857,595.669866240371
002080.XSHE,08-07/08-10,52.1,56.67752870659808,8.44840320803462,1321.805906837227
002579.XSHE,08-07/08-10,13.7,14.75700461095598,7.39223598243314,1419.2486922921066
601208.XSHG,08-07/08-10,42.31,44.832158330982,5.635468556975901,954.700445281184
603186.XSHG,08-07/08-10,132.3,147.2591596080249,10.951443912239087,1450.3249056188204
002437.XSHE,08-12/08-13,3.55,4.063562679909719,14.128337096545929,2811.522128208124
002552.XSHE,08-12/08-13,54.63,59.16668786021071,7.970916429203726,1307.6598470757806
301080.XSHE,08-12/08-13,79.9,88.21398536808236,10.06518817891633,1610.0254880618202
600721.XSHG,08-14/08-17,13.61,13.83991481656496,1.380944627052953,263.3883144279083
300404.XSHE,08-18/08-19,16.81,15.717146566189566,-6.7906364104161145,-1256.9122352286938
300862.XSHE,08-18/08-24,55.81,54.51120394181844,-2.6327053467103267,-441.2346500559096
603626.XSHG,08-25/08-26,19.3,19.53901656293928,0.931863058328678,180.02941982769232
000712.XSHE,09-02/09-03,13.31,13.11087843692223,-1.7940151714265322,-358.5333041042825
600722.XSHG,09-02/09-03,18.57,17.935781092772903,-3.712220332864899,-690.0486751288246
600354.XSHG,09-10/09-11,10.81,11.274394939144504,3.982165744267392,775.6246603300687
000993.XSHE,09-18/09-21,18.3,20.11833905402259,9.605080380842884,1759.4874394039414
000002.XSHE,09-23/09-24,3.81,3.7658767020991135,-1.4573108295120774,-289.0111439644757
002119.XSHE,09-29/09-30,29.07,26.38582989532619,-9.519297037359513,-1662.0161450455018
