策略,代码,买入日期,买入价格,卖出日期,卖出价格,净收益率,净盈亏金额
策略二：单板反包开板2次,000581.XSHE,2026-02-27,23.30328,2026-03-02,23.81071378292822,2.070769806220134,386.0458288791481
策略二：单板反包开板2次,000596.XSHE,2026-07-22,93.14305,2026-07-23,91.56071502781118,-1.8036368439223165,-335.9924734705969
策略二：单板反包开板2次,000688.XSHE,2026-06-15,46.95690999999999,2026-06-16,42.39119190338959,-9.823489606920749,-1845.1228694324511
策略二：单板反包开板2次,000830.XSHE,2026-04-09,16.40639,2026-04-10,16.528111288145386,0.6387423080586292,125.75346498612016
策略二：单板反包开板2次,000859.XSHE,2026-02-25,12.06205,2026-02-26,11.961915298980404,-0.9335552275282964,-180.16943731532297
策略二：单板反包开板2次,001267.XSHE,2026-03-09,37.45742,2026-03-10,44.60020315568775,18.953954858285357,3549.8312389391745
策略二：单板反包开板2次,001267.XSHE,2026-03-12,47.96792,2026-03-13,44.06036292081198,-8.24615189376073,-1582.203017391053
策略二：单板反包开板2次,001301.XSHE,2026-08-21,63.92385999999999,2026-08-24,63.37045704685993,-0.969425904767463,-185.90833745018588
策略二：单板反包开板2次,002015.XSHE,2026-03-16,22.14212,2026-03-17,20.76371608410326,-6.324263184422911,-1260.293349069668
策略二：单板反包开板2次,002034.XSHE,2026-05-15,22.48246,2026-05-18,22.862756621733094,1.5830642699064603,284.7294330048096
策略二：单板反包开板2次,002077.XSHE,2026-09-11,13.823809999999998,2026-09-14,13.824032252156236,-0.1020637547479357,-19.75273934930886
策略二：单板反包开板2次,002129.XSHE,2026-06-30,11.68167,2026-07-01,11.978195081236978,2.434729213411889,483.5089545774333
策略二：单板反包开板2次,002141.XSHE,2026-06-25,4.524519999999999,2026-06-26,5.664477268824056,25.08001761389562,4992.901816954612
策略二：单板反包开板2次,002162.XSHE,2026-09-11,4.4044,2026-09-14,3.9881249607828,-9.54897941080331,-1892.5886212623943
策略二：单板反包开板2次,002174.XSHE,2026-09-14,13.623609999999998,2026-09-15,13.651237767485954,0.0982598810570819,18.741160174353013
策略二：单板反包开板2次,002222.XSHE,2026-04-08,80.55046999999999,2026-04-09,80.37299717273133,-0.3342855237551687,-53.85371210535
策略二：单板反包开板2次,002245.XSHE,2026-05-28,22.70268,2026-05-29,21.01735788747404,-7.526723681294752,-1367.0143934788537
策略二：单板反包开板2次,002290.XSHE,2026-04-28,83.87379,2026-04-29,76.73992092134127,-8.612756352405952,-1444.7690352457255
策略二：单板反包开板2次,002309.XSHE,2026-04-01,4.744739999999999,2026-04-02,4.931450919469983,3.8309260300901946,763.4234148244261
策略二：单板反包开板2次,002426.XSHE,2026-06-17,4.06406,2026-06-18,4.061389404310208,-0.1678951888633718,-33.434469941351665
策略二：单板反包开板2次,002428.XSHE,2026-06-26,127.61748999999998,2026-06-29,118.50488147334792,-7.267281460482794,-927.4322191103482
策略二：单板反包开板2次,002440.XSHE,2026-07-22,12.012,2026-07-23,12.440356185539242,3.460218813558268,665.0263742153904
策略二：单板反包开板2次,002484.XSHE,2026-04-10,30.39036,2026-04-13,29.94483993994703,-1.572085683384493,-286.6574992134045
策略二：单板反包开板2次,002580.XSHE,2026-07-31,17.57756,2026-08-03,18.675383617132077,6.138693236128487,1186.935735476069
策略二：单板反包开板2次,002631.XSHE,2026-09-22,14.434419999999998,2026-09-23,13.858801488264458,-4.091076415864733,-767.6800981029206
策略二：单板反包开板2次,002636.XSHE,2026-09-14,78.58851,2026-09-15,83.83872670675179,6.561611959599878,1031.3346142062692
策略二：单板反包开板2次,002785.XSHE,2026-02-05,46.78674,2026-02-06,47.11108161768898,0.5874465685447766,109.93883946558654
策略二：单板反包开板2次,002859.XSHE,2026-06-17,88.94886,2026-06-18,95.0022270688492,6.693763635019123,1190.8052888888142
策略二：单板反包开板2次,300209.XSHE,2026-05-06,18.018,2026-05-07,22.68392995390341,25.78027561625049,5109.599066589614
策略二：单板反包开板2次,300345.XSHE,2026-07-03,7.447439999999999,2026-07-06,8.084770920472717,8.44970968624284,1636.1463535485218
策略二：单板反包开板2次,300368.XSHE,2026-05-08,12.4124,2026-05-11,12.706127070171812,2.2628405575555486,449.3965141856399
策略二：单板反包开板2次,300534.XSHE,2026-07-15,10.02001,2026-07-16,10.62564541704642,5.936650561117094,1130.220661789079
策略二：单板反包开板2次,300975.XSHE,2026-05-27,28.89887,2026-05-28,35.353309837076274,22.21351213280207,3851.6723962156175
策略二：单板反包开板2次,301127.XSHE,2026-08-19,19.26925,2026-08-20,18.78948184154419,-2.5924386610532126,-499.54348669499615
策略二：单板反包开板2次,600032.XSHG,2026-05-20,11.361349999999998,2026-05-21,11.04820161045311,-2.858629817842031,-552.1241959759725
策略二：单板反包开板2次,600095.XSHG,2026-07-21,8.9089,2026-07-22,9.001031244646025,0.930599458584144,182.39358536476607
策略二：单板反包开板2次,600105.XSHG,2026-06-26,72.88280999999999,2026-06-29,63.18711122735191,-13.4169539120048,-1955.7306054948049
策略二：单板反包开板2次,600126.XSHG,2026-07-22,6.416409999999999,2026-07-23,6.486973959253068,0.9969068682057052,198.2934591449368
策略二：单板反包开板2次,600162.XSHG,2026-06-16,3.5935899999999994,2026-06-17,3.2637992237489666,-9.275110170423632,-1833.201873653296
策略二：单板反包开板2次,600183.XSHG,2026-05-20,99.05895999999998,2026-05-21,101.77501381458951,2.6379824378775028,522.63159358882
策略二：单板反包开板2次,600184.XSHG,2026-09-15,20.50048,2026-09-16,21.3081066873601,3.8313416907235207,706.8990933345935
策略二：单板反包开板2次,600186.XSHG,2026-08-18,13.08307,2026-08-19,12.021666719085456,-8.211618743215034,-1611.4977424619146
策略二：单板反包开板2次,600227.XSHG,2026-08-28,4.12412,2026-08-31,4.939714433589522,19.66360350074825,3892.562902536282
策略二：单板反包开板2次,600237.XSHG,2026-06-08,11.32131,2026-06-09,11.37191500867774,0.3428027850322748,65.97660216963362
策略二：单板反包开板2次,600362.XSHG,2026-06-23,53.28322999999999,2026-06-24,46.19784589039971,-13.405364458268988,-2142.843352991315
策略二：单板反包开板2次,600392.XSHG,2026-06-23,33.77374,2026-06-24,30.285037026965405,-10.435581251346004,-1762.2430396591728
策略二：单板反包开板2次,600488.XSHG,2026-07-10,5.145139999999999,2026-07-13,5.777134270937449,12.173913676049702,2380.1866280252334
策略二：单板反包开板2次,600497.XSHG,2026-06-26,12.212199999999998,2026-06-29,12.78267430797155,4.565786853101719,892.1328353191809
策略二：单板反包开板2次,600563.XSHG,2026-06-26,188.188,2026-06-29,191.0268228107945,1.4025959419096925,263.9517251161012
策略二：单板反包开板2次,600578.XSHG,2026-05-25,8.12812,2026-05-26,9.20626743677699,13.154386162083831,2566.090302042164
策略二：单板反包开板2次,600596.XSHG,2026-09-10,12.262249999999998,2026-09-11,12.159772777652918,-0.9382562658866386,-184.0821263418949
策略二：单板反包开板2次,600611.XSHG,2026-08-13,5.08508,2026-08-14,4.957690310557267,-2.6063122874216105,-516.8789529743534
策略二：单板反包开板2次,600641.XSHG,2026-09-24,48.03798999999999,2026-09-28,49.52439048391855,2.9885985339348142,574.2650659487009
策略二：单板反包开板2次,600666.XSHG,2026-03-31,6.026019999999999,2026-04-01,6.144676085217475,1.8657710592349903,371.02473270625086
策略二：单板反包开板2次,600673.XSHG,2026-07-03,36.48645,2026-07-06,36.4860944413856,-0.1077888675919381,-19.664165639749363
策略二：单板反包开板2次,600703.XSHG,2026-04-21,13.65364,2026-04-22,14.574339636804384,6.63550035043226,1268.3822620654626
策略二：单板反包开板2次,600703.XSHG,2026-06-24,19.3193,2026-06-25,21.890078563836823,13.196241223901843,2549.421430769269
策略二：单板反包开板2次,600844.XSHG,2026-03-16,4.174169999999999,2026-03-17,4.042859143185698,-3.2471632983753524,-637.0479463834338
策略二：单板反包开板2次,600956.XSHG,2026-03-16,9.23923,2026-03-17,9.97163387877876,7.819526610320093,1517.1745017212218
策略二：单板反包开板2次,600975.XSHG,2026-09-08,5.92592,2026-09-09,5.87532865886395,-0.9564307480083012,-187.0351592418326
策略二：单板反包开板2次,601138.XSHG,2026-08-07,68.33827,2026-08-10,69.22956317127435,1.1784066400232345,161.06054227140118
策略二：单板反包开板2次,601168.XSHG,2026-01-28,35.22518999999999,2026-01-29,38.30280270281945,8.623732111994354,1518.8630107705114
策略二：单板反包开板2次,601226.XSHG,2026-01-28,11.271259999999998,2026-01-29,10.563663965618314,-6.378865970133998,-1222.2635665270527
策略二：单板反包开板2次,601799.XSHG,2026-02-05,148.148,2026-02-06,147.55106897513477,-0.5222234185021359,-77.36635500425443
策略二：单板反包开板2次,603005.XSHG,2026-06-08,43.31327,2026-06-09,45.53225945299071,5.010785073419053,868.1339471878771
策略二：单板反包开板2次,603063.XSHG,2026-05-08,50.52047,2026-05-11,55.03845282216061,8.820334951729407,1336.8224019563909
策略二：单板反包开板2次,603078.XSHG,2026-05-19,31.391359999999995,2026-05-20,34.66818749708862,10.328211779287148,1945.2996847190605
策略二：单板反包开板2次,603110.XSHG,2026-04-29,19.93992,2026-04-30,22.0429137436142,10.439121412748676,2081.552458404956
策略二：单板反包开板2次,603158.XSHG,2026-03-13,12.452439999999998,2026-03-16,12.251688720835386,-1.7135128923507084,-341.3986636995784
策略二：单板反包开板2次,603318.XSHG,2026-07-01,9.65965,2026-07-02,9.976655484527114,3.1763137766896974,613.6415874600127
策略二：单板反包开板2次,603439.XSHG,2026-06-02,16.02601,2026-06-03,15.806734280136803,-1.471549985176591,-282.9968973352788
策略二：单板反包开板2次,603687.XSHG,2026-06-30,20.28026,2026-07-01,21.172524010084253,4.290635865260113,783.1368982152004
策略二：单板反包开板2次,603778.XSHG,2026-03-13,21.6216,2026-03-16,21.760889975050407,0.5404992879898612,105.17813464681429
策略二：单板反包开板2次,603778.XSHG,2026-03-24,25.025,2026-03-25,24.88027237973352,-0.6871229708925359,-120.3667664261
策略二：单板反包开板2次,603800.XSHG,2026-07-08,88.11802999999999,2026-07-09,81.00259149235495,-8.179519003779534,-1441.52620192123
策略二：单板反包开板2次,603803.XSHG,2026-03-25,15.625609999999998,2026-03-26,14.552531155901262,-6.969265356178603,-1306.788269305895
策略二：单板反包开板2次,603806.XSHG,2026-02-05,19.02901,2026-02-06,18.319337656613797,-3.8320726915960384,-729.2054956910792
策略二：单板反包开板2次,603936.XSHG,2026-03-13,15.305289999999998,2026-03-16,15.381915114034973,0.3981301676381789,79.21546975486224
策略二：单板反包开板2次,605060.XSHG,2026-07-01,56.52646999999999,2026-07-02,52.9961163962626,-6.353271699316824,-1077.384066339844
策略二：单板反包开板2次,688137.XSHG,2026-09-23,119.12901,2026-09-24,125.969037621996,5.602826820023767,667.4592122708796
策略二：单板反包开板2次,688146.XSHG,2026-04-08,52.83277999999999,2026-04-09,57.80720906942707,9.295527760735547,1473.3257195005012
策略二：单板反包开板2次,688158.XSHG,2026-01-28,43.04299999999999,2026-01-29,41.16650649476412,-4.467436873703499,-769.1675414192787
策略二：单板反包开板2次,688485.XSHG,2026-08-18,82.082,2026-08-19,86.86603467108546,5.712473104216772,937.7824346806422
策略二：单板反包开板2次,688545.XSHG,2026-05-13,75.55547999999999,2026-05-14,90.24069916110533,19.308249844661383,2917.688169946632
策略二：单板反包开板2次,688584.XSHG,2026-05-08,24.44442,2026-05-11,26.921041104818205,10.023338371925997,1960.1175437238016
策略二：单板反包开板2次,688593.XSHG,2026-06-26,36.2362,2026-06-29,33.15838725564526,-8.596613010898256,-1557.5429419275567
策略二：单板反包开板2次,688596.XSHG,2026-05-18,49.43939,2026-05-19,48.62092605801258,-1.7572122313341605,-347.50200327079904
